dropdex_id,artist,track,drop_no,drop_class,secondary_class,dropdex_rank_global,battle_score_abs,dropdex_score_abs,wins,losses,matchups,win_rate,battle_engine_rank
DROP0205,HOL!,HOL!,3,Impact Cannon,Vacuum Striker,1.0,76.91471301146512,67.74655629735865,322,0,322,1.0,1
DROP0139,Kai Wachi,ILL,1,Vacuum Striker,Impact Cannon,2.0,65.30595292136786,61.95736089819975,320,2,322,0.9937888198757764,2
DROP0009,"Subtronics, Wooli",Lock In,1,Impact Cannon,Vacuum Striker,3.0,67.5622432580031,61.54178061984685,319,3,322,0.9906832298136646,3
DROP0323,"LEVEL UP, Subtronics, Wooli",Dingus,1,Impact Cannon,Technical Weapon,4.0,63.071963295542695,59.95978365267994,313,9,322,0.9720496894409938,4
DROP0014,"Subtronics, Creg",Antidote (Midnight Coffee) (feat. CREG),1,Groove Driver,Technical Weapon,67.0,48.81604917151021,49.48800179411799,313,9,322,0.9720496894409938,5
DROP0013,Subtronics,Scream Saver,1,Filth Monster,Impact Cannon,13.0,56.34790990313802,55.02911527105324,310,12,322,0.9627329192546584,6
DROP0128,Svdden Death,Prelude I,2,Pressure Engine,Impact Cannon,61.0,50.490800960057335,49.91448803786464,308,14,322,0.9565217391304348,7
DROP0195,"Excision, Kai Wachi, Sullivan King",Bonebreaker,3,Impact Cannon,Groove Driver,6.0,61.9032419119925,57.72259158161595,307,15,322,0.953416149068323,8
DROP0123,Svdden Death,Creator,3,Filth Monster,Impact Cannon,20.0,52.93264133479549,53.56418041620805,304,18,322,0.9440993788819876,9
DROP0158,Levity,Can_t Get Enough,4,Vacuum Striker,Impact Cannon,7.0,59.348597364600145,56.83500811518478,303,19,322,0.9409937888198758,10
DROP0377,Crankdat,STFU,3,Technical Weapon,Impact Cannon,8.0,58.09577864330644,56.54742395022171,300,22,322,0.9316770186335404,11
DROP0212,"Noisia, Skrillex, josh pan, Dylan Brady",Supersonic (My Existence),1,Vacuum Striker,Impact Cannon,15.0,57.60258913039355,54.53902225662314,297,25,322,0.922360248447205,12
DROP0063,LEVEL UP,The Other Side,1,Filth Monster,Impact Cannon,40.0,51.15248336799558,51.22193050004795,296,26,322,0.9192546583850931,13
DROP0379,"Crankdat, Bandlez",Ground Shake,2,Pressure Engine,Filth Monster,99.0,46.74998446147762,47.28374107303296,296,26,322,0.9192546583850931,14
DROP0411,YDG,Apocalypse,1,Technical Weapon,Vacuum Striker,5.0,62.491884428408085,59.23190709490996,293,29,322,0.9099378881987578,15
DROP0204,HOL!,HOL!,2,Impact Cannon,Filth Monster,14.0,57.675896128144,54.91032063604682,290,32,322,0.9006211180124224,16
DROP0122,Svdden Death,Creator,2,Technical Weapon,Impact Cannon,25.0,52.19595439566855,52.343936119171715,289,33,322,0.8975155279503105,17
DROP0056,Space Laces,In The Place,2,Impact Cannon,Technical Weapon,35.0,50.72459474384309,51.63453345042036,289,33,322,0.8975155279503105,18
DROP0434,Sullivan King,HEADLOCK,1,Cinematic,Impact Cannon,86.0,46.8746316622487,47.846895512309864,289,33,322,0.8975155279503105,19
DROP0375,Crankdat,STFU,1,Technical Weapon,Impact Cannon,12.0,55.385294825853784,55.148619846211055,288,34,322,0.8944099378881988,20
DROP0243,HOL!,HOL!,7,Impact Cannon,Technical Weapon,9.0,65.02268732946978,56.488607545078295,287,35,322,0.8913043478260869,21
DROP0349,LEVEL UP,Dark Side,1,Filth Monster,Impact Cannon,18.0,53.79400107715785,53.59406529055343,287,35,322,0.8913043478260869,22
DROP0235,Virtual Riot,Sh_t_s On F_re,3,Impact Cannon,Groove Driver,42.0,51.17516115694536,51.05616838985948,286,36,322,0.8881987577639752,23
DROP0030,Subtronics,Fuck Up,2,Impact Cannon,Filth Monster,26.0,54.3779516615712,52.322744076585266,284,38,322,0.8819875776397516,24
DROP0023,Subtronics,Fuck Up,3,Impact Cannon,Technical Weapon,38.0,53.058336030497344,51.28775567273399,283,39,322,0.8788819875776398,25
DROP0143,Kai Wachi,LOADED,2,Filth Monster,Impact Cannon,23.0,50.62947987853425,52.85381842940877,281,41,322,0.8726708074534162,26
DROP0002,"Jem Cooke, Subtronics",By A Thread (feat. Jem Cooke),1,Impact Cannon,Filth Monster,17.0,57.04478815627171,53.66838812068304,280,42,322,0.8695652173913043,27
DROP0162,"Subtronics, Creg",Antidote (Midnight Coffee) (feat. CREG),2,Technical Weapon,Groove Driver,59.0,49.25357732982113,49.99711779771039,280,42,322,0.8695652173913043,28
DROP0228,"Tape B, VKTM",Nocturnal,2,Impact Cannon,Vacuum Striker,11.0,60.02433246577488,55.21234863136158,278,44,322,0.8633540372670807,29
DROP0092,HOL!,COUNTRY RIDDIM,2,Impact Cannon,Filth Monster,16.0,57.00486640026134,54.33386611601698,278,44,322,0.8633540372670807,30
DROP0148,"TYNAN, maddietiedt",wubmart,1,Impact Cannon,Technical Weapon,33.0,53.68772500858201,51.810476186976715,278,44,322,0.8633540372670807,31
DROP0118,Subtronics,Itchy Scratchy,1,Impact Cannon,Technical Weapon,45.0,51.48364177653291,50.78639414075304,278,44,322,0.8633540372670807,32
DROP0339,YDG,Lose Control,2,Impact Cannon,Filth Monster,46.0,52.33261845206383,50.74607297307945,277,45,322,0.860248447204969,33
DROP0311,"Zeds Dead, GRiZ",Ecstasy Of Soul,1,Filth Monster,Impact Cannon,76.0,48.70254426293364,48.54348848919733,275,47,322,0.8540372670807453,34
DROP0230,"Tape B, Wooli",Dopamine,1,Impact Cannon,Technical Weapon,55.0,50.7002367124815,50.31595884626688,274,48,322,0.8509316770186336,35
DROP0182,"Kai Wachi, RUNN",Better Off Alone,1,Impact Cannon,Vacuum Striker,10.0,60.2540454545768,55.24722187368819,272,50,322,0.84472049689441,36
DROP0426,"LEVEL UP, Kai Wachi",OUT OF MY MIND,2,Impact Cannon,Filth Monster,28.0,54.35831024862715,52.129843261788224,272,50,322,0.84472049689441,37
DROP0201,"GRiZ, Wooli",Chaos Theory,2,Impact Cannon,Filth Monster,39.0,50.70776617870666,51.245820461707055,270,52,322,0.8385093167701864,38
DROP0125,Svdden Death,Forgotten Name,2,Impact Cannon,Filth Monster,24.0,52.819119800925286,52.63205821088525,269,53,322,0.8354037267080745,39
DROP0142,Kai Wachi,LOADED,1,Filth Monster,Impact Cannon,34.0,49.70401919891042,51.775324577107995,269,53,322,0.8354037267080745,40
DROP0090,HOL!,COUNTRY RIDDIM,1,Impact Cannon,Filth Monster,22.0,56.3755565800592,52.92383134794698,268,54,322,0.8322981366459627,41
DROP0105,Levity,Can_t Get Enough,2,Vacuum Striker,Impact Cannon,30.0,54.0145472342928,52.087546955189886,268,54,322,0.8322981366459627,42
DROP0188,Crankdat,Movement,2,Impact Cannon,Technical Weapon,31.0,53.32881174948368,51.82857205929112,267,55,322,0.8291925465838509,43
DROP0008,Subtronics,Gangstas,1,Impact Cannon,Technical Weapon,57.0,54.88018916212063,50.12616500147572,266,56,322,0.8260869565217391,44
DROP0397,Levity,Heartbreak,2,Impact Cannon,Groove Driver,41.0,51.063093254189106,51.14647509165864,265,57,322,0.8229813664596274,45
DROP0189,Crankdat,Movement,3,Impact Cannon,Technical Weapon,19.0,52.5629136529667,53.5737211787296,264,58,322,0.8198757763975155,46
DROP0429,Ray Volpe,SEE YOU DROP,2,Impact Cannon,Technical Weapon,60.0,47.78008099785407,49.92019571787896,263,59,322,0.8167701863354038,47
DROP0022,Subtronics,Anxious,3,Impact Cannon,Technical Weapon,74.0,49.31828034496209,48.715537299500085,262,60,322,0.8136645962732919,48
DROP0124,Svdden Death,Forgotten Name,1,Filth Monster,Impact Cannon,36.0,50.09363150189944,51.45432685680467,261,61,322,0.8105590062111802,49
DROP0062,LEVEL UP,That One Dubstep Song,2,Technical Weapon,Filth Monster,50.0,49.76094038243562,50.48526533672111,260,62,322,0.8074534161490683,50
DROP0385,"Excision, Sullivan King",Bass To The Dome,2,Cinematic,Technical Weapon,205.0,40.57868815878278,43.0485875978981,260,62,322,0.8074534161490683,51
DROP0119,Subtronics,Itchy Scratchy,2,Impact Cannon,Technical Weapon,49.0,51.45464788281968,50.50979945186727,258,64,322,0.8012422360248447,52
DROP0021,Subtronics,Anxious,2,Technical Weapon,Impact Cannon,94.0,48.39714887684117,47.44915551205751,258,64,322,0.8012422360248447,53
DROP0338,YDG,Lose Control,1,Filth Monster,Impact Cannon,27.0,51.772789384753395,52.206202747792176,256,66,322,0.7950310559006211,54
DROP0076,Flux Pavilion,Bass Cannon (Flux_s Version),2,Impact Cannon,Vacuum Striker,79.0,51.438549167352214,48.39498588484159,254,68,322,0.7888198757763976,55
DROP0276,Deathpact,GATEKEEPER,2,Impact Cannon,Filth Monster,63.0,51.49975355908716,49.751931070484275,253,69,322,0.7857142857142857,56
DROP0007,Subtronics,Fuck Up,1,Impact Cannon,Filth Monster,68.0,50.87577408837736,49.4694916082362,253,69,322,0.7857142857142857,57
DROP0035,Excision,Virus,1,Filth Monster,Cinematic,95.0,42.73271819191532,47.35769229246473,253,69,322,0.7857142857142857,58
DROP0227,"Tape B, VKTM",Nocturnal,1,Impact Cannon,Vacuum Striker,21.0,58.94308030242616,53.51513878209468,252,70,322,0.782608695652174,59
DROP0371,Crankdat,Ding Dong,3,Impact Cannon,Technical Weapon,80.0,48.18472922338753,48.361020152079384,249,73,322,0.7732919254658385,60
DROP0299,MUST DIE!,CHAOS,1,Vacuum Striker,Impact Cannon,82.0,50.6206590379325,48.25627325493766,249,73,322,0.7732919254658385,61
DROP0065,LEVEL UP,That One Dubstep Song,1,Technical Weapon,Filth Monster,44.0,50.27217826131812,50.975869153818714,247,75,322,0.7670807453416149,62
DROP0181,"Excision, Wooli",Name Drop,3,Filth Monster,Technical Weapon,53.0,48.551433554098665,50.4093667162314,245,77,322,0.7608695652173914,63
DROP0437,Zomboy,Doomsday,1,Impact Cannon,Filth Monster,98.0,46.49946122238297,47.29248325079171,245,77,322,0.7608695652173914,64
DROP0020,TYNAN,His Name Is,2,Impact Cannon,Filth Monster,54.0,51.94885248210243,50.33794475347538,244,78,322,0.7577639751552795,65
DROP0133,Flux Pavilion,Bass Cannon (Flux_s Version),4,Impact Cannon,Vacuum Striker,88.0,51.04422207100859,47.70299252122638,244,78,322,0.7577639751552795,66
DROP0025,Subtronics,Gangstas,3,Impact Cannon,Technical Weapon,66.0,53.28981313544927,49.57214318219962,243,79,322,0.7546583850931677,67
DROP0215,Ray Volpe,HAPPY SONG,1,Filth Monster,Technical Weapon,84.0,47.16679417448171,48.178663288006646,243,79,322,0.7546583850931677,68
DROP0350,LEVEL UP,Dark Side,2,Filth Monster,Impact Cannon,47.0,48.71646348919036,50.560297021574435,242,80,322,0.7515527950310559,69
DROP0425,"LEVEL UP, Kai Wachi",OUT OF MY MIND,1,Impact Cannon,Technical Weapon,52.0,50.8394477839158,50.44549463703109,242,80,322,0.7515527950310559,70
DROP0010,"Subtronics, Wooli",Lock In,2,Impact Cannon,Filth Monster,58.0,51.018698413729176,49.99903419067443,241,81,322,0.7484472049689441,71
DROP0121,Svdden Death,Creator,1,Impact Cannon,Technical Weapon,92.0,48.2888693324347,47.52695269178446,241,81,322,0.7484472049689441,72
DROP0019,TYNAN,His Name Is,1,Impact Cannon,Filth Monster,37.0,51.33128047847299,51.35582399400522,240,82,322,0.7453416149068323,73
DROP0134,Flux Pavilion,I Cant Stop,4,Vacuum Striker,Groove Driver,62.0,48.73742896688577,49.860060481716744,240,82,322,0.7453416149068323,74
DROP0082,Flux Pavilion,I Cant Stop,2,Vacuum Striker,Groove Driver,65.0,48.46943422916955,49.67078421636448,240,82,322,0.7453416149068323,75
DROP0055,Space Laces,Dominate,2,Filth Monster,Impact Cannon,73.0,47.087234015480696,48.82431705598041,240,82,322,0.7453416149068323,76
DROP0370,Crankdat,Ding Dong,2,Impact Cannon,Technical Weapon,75.0,47.87111995855973,48.68356936146574,237,85,322,0.7360248447204969,77
DROP0187,Crankdat,Movement,1,Impact Cannon,Technical Weapon,71.0,48.801237922756,49.260323899628354,236,86,322,0.7329192546583851,78
DROP0290,"Space Laces, Eptic",Crash Out,1,Impact Cannon,Pressure Engine,108.0,45.55017303338014,46.70596239706745,236,86,322,0.7329192546583851,79
DROP0435,Sullivan King,HEADLOCK,2,Technical Weapon,Cinematic,127.0,43.723139277806645,45.98555413457424,235,87,322,0.7298136645962733,80
DROP0400,Ray Volpe,CRASH OUT,2,Impact Cannon,Filth Monster,101.0,46.093746353656705,47.20049644587717,232,90,322,0.7204968944099379,81
DROP0355,"LEVEL UP, Vastive",Awaken,1,Filth Monster,Impact Cannon,72.0,46.84676216092026,48.943141453364944,230,92,322,0.7142857142857143,82
DROP0346,LEVEL UP,Alive,1,Filth Monster,Technical Weapon,43.0,46.4064321424923,51.03211599366239,229,93,322,0.7111801242236024,83
DROP0217,Ray Volpe,HAPPY SONG,3,Impact Cannon,Filth Monster,114.0,44.843559613754465,46.43503982377665,229,93,322,0.7111801242236024,84
DROP0275,Deathpact,GATEKEEPER,1,Technical Weapon,Impact Cannon,64.0,50.16020848584196,49.70474172193187,228,94,322,0.7080745341614907,85
DROP0006,Subtronics,Anxious,1,Impact Cannon,Technical Weapon,102.0,46.36621872968251,47.14619105827902,228,94,322,0.7080745341614907,86
DROP0037,Space Laces,In The Place,1,Filth Monster,Impact Cannon,104.0,45.19622837384791,47.09613565276829,228,94,322,0.7080745341614907,87
DROP0137,"Excision, Subtronics",A.F.B.1.,2,Filth Monster,Impact Cannon,69.0,46.95426216277137,49.33004550795418,227,95,322,0.7049689440993789,88
DROP0293,"Waka Flocka Flame, HOL!",HARD IN DA PAINT,1,Impact Cannon,Technical Weapon,70.0,51.46466868322535,49.28015165778895,225,97,322,0.6987577639751553,89
DROP0029,Subtronics,Scream Saver,3,Impact Cannon,Filth Monster,51.0,51.34248051313588,50.46227326175693,221,101,322,0.6863354037267081,90
DROP0279,"Ganja White Night, Mr. Bill, Wasiu",Ego Death,2,Impact Cannon,Filth Monster,87.0,48.30431790121776,47.797471467318125,221,101,322,0.6863354037267081,91
DROP0384,"Excision, Sullivan King",Bass To The Dome,1,Filth Monster,Technical Weapon,105.0,44.478320285074666,46.97870806448736,220,102,322,0.6832298136645962,92
DROP0184,"Kai Wachi, RUNN",Better Off Alone,3,Technical Weapon,Filth Monster,32.0,49.691457293427845,51.8186369497953,217,105,322,0.6739130434782609,93
DROP0159,GRiZ,Funk You Up!,2,Filth Monster,Vacuum Striker,56.0,46.39684647341226,50.25231400916117,217,105,322,0.6739130434782609,94
DROP0295,"Waka Flocka Flame, HOL!",HARD IN DA PAINT,3,Impact Cannon,Filth Monster,81.0,50.54467495610869,48.30712930136686,213,109,322,0.6614906832298136,95
DROP0403,"SLANDER, Asking Alexandria, Crankdat",Kneel Before Me feat. Asking Alexandria,2,Filth Monster,Technical Weapon,107.0,44.81831540804961,46.77577314095648,213,109,322,0.6614906832298136,96
DROP0294,"Waka Flocka Flame, HOL!",HARD IN DA PAINT,2,Impact Cannon,Filth Monster,100.0,47.84201895245178,47.20824299818813,210,112,322,0.6521739130434783,97
DROP0272,"Conrank, Mersiv",Lights Go Down,1,Impact Cannon,Pressure Engine,129.0,46.298174665108675,45.87988877298534,209,113,322,0.6490683229813664,98
DROP0186,Space Laces,Survive,2,Melodic Weapon,Technical Weapon,125.0,38.45015382883431,46.0477726265326,208,114,322,0.6459627329192547,99
DROP0324,"LEVEL UP, Subtronics, Wooli",Dingus,2,Technical Weapon,Impact Cannon,29.0,54.20716000281836,52.116763128292106,207,115,322,0.6428571428571429,100
DROP0369,Crankdat,Ding Dong,1,Impact Cannon,Technical Weapon,111.0,46.42197995020136,46.551979880506295,207,115,322,0.6428571428571429,101
DROP0084,"GRiZ, CloZee",Color Of Your Soul,1,Impact Cannon,Filth Monster,152.0,43.515856063603295,44.92314985266312,204,118,322,0.6335403726708074,102
DROP0343,"Excision, Wooli",Titans,1,Impact Cannon,Filth Monster,106.0,45.17423537361884,46.922597557296825,203,119,322,0.6304347826086957,103
DROP0438,Zomboy,Doomsday,2,Filth Monster,Technical Weapon,139.0,43.943180058678465,45.43747974409104,203,119,322,0.6304347826086957,104
DROP0312,"Zeds Dead, GRiZ",Ecstasy Of Soul,2,Impact Cannon,Technical Weapon,135.0,42.93953382610095,45.5949906611718,202,120,322,0.6273291925465838,105
DROP0220,Ray Volpe,Laserbeam,3,Impact Cannon,Technical Weapon,137.0,44.804067868685074,45.50004019090729,202,120,322,0.6273291925465838,106
DROP0149,"TYNAN, maddietiedt",wubmart,2,Impact Cannon,Technical Weapon,93.0,47.53842523551249,47.51165542434517,201,121,322,0.6242236024844721,107
DROP0273,"Conrank, Mersiv",Lights Go Down,2,Impact Cannon,Pressure Engine,118.0,45.73056156381505,46.24696242543651,201,121,322,0.6242236024844721,108
DROP0412,YDG,Apocalypse,2,Impact Cannon,Filth Monster,146.0,47.0515626289181,45.078536552211155,201,121,322,0.6242236024844721,109
DROP0033,Excision,The Paradox,1,Filth Monster,Impact Cannon,143.0,42.61544069040494,45.114571614316134,199,123,322,0.6180124223602484,110
DROP0301,MUST DIE!,CHAOS,3,Impact Cannon,Technical Weapon,150.0,46.46559613545353,44.96367232790381,198,124,322,0.6149068322981367,111
DROP0180,"Excision, Wooli",Name Drop,2,Filth Monster,Technical Weapon,85.0,45.43999492510552,48.09913714552145,196,126,322,0.6086956521739131,112
DROP0207,Knife Party,Centipede,2,Technical Weapon,Filth Monster,113.0,44.72037043479229,46.45778685038613,196,126,322,0.6086956521739131,113
DROP0251,"NGHTMRE, Crankdat, Duke Deuce",TYPE SH_T,1,Impact Cannon,Filth Monster,121.0,43.58191499330537,46.09961081163988,196,126,322,0.6086956521739131,114
DROP0325,"LEVEL UP, Subtronics, Wooli",Dingus,3,Impact Cannon,Technical Weapon,109.0,48.12835434166657,46.678617205198144,195,127,322,0.6055900621118012,115
DROP0335,Wooli,Wackman,1,Impact Cannon,Technical Weapon,134.0,46.012681763961886,45.599557163323595,195,127,322,0.6055900621118012,116
DROP0046,Excision,Virus,4,Filth Monster,Technical Weapon,156.0,38.773640303338155,44.579731921560814,195,127,322,0.6055900621118012,117
DROP0077,Flux Pavilion,Bass Cannon (Flux_s Version),3,Impact Cannon,Pressure Engine,180.0,46.23732455219592,43.931224991018624,194,128,322,0.6024844720496895,118
DROP0225,Svdden Death,Behemoth,2,Technical Weapon,Filth Monster,83.0,47.65602345090869,48.20483682860478,193,129,322,0.5993788819875776,119
DROP0356,"LEVEL UP, Vastive",Awaken,2,Impact Cannon,Filth Monster,91.0,46.805079475738594,47.62724398311925,193,129,322,0.5993788819875776,120
DROP0183,"Kai Wachi, RUNN",Better Off Alone,2,Impact Cannon,Filth Monster,77.0,47.37654220156507,48.500321689197165,192,130,322,0.5962732919254659,121
DROP0015,"Subtronics, Grabbitz",Infinity (feat. Grabbitz),1,Impact Cannon,Technical Weapon,78.0,49.11034605664806,48.49952435356712,192,130,322,0.5962732919254659,122
DROP0253,"NGHTMRE, Crankdat, Duke Deuce",TYPE SH_T,3,Impact Cannon,Filth Monster,117.0,43.94721765720908,46.2721670463977,192,130,322,0.5962732919254659,123
DROP0336,Wooli,Wackman,2,Impact Cannon,Technical Weapon,130.0,46.51210956076177,45.86797617417021,192,130,322,0.5962732919254659,124
DROP0396,Levity,Heartbreak,1,Impact Cannon,Technical Weapon,128.0,44.340710565032005,45.88788070492845,191,131,322,0.593167701863354,125
DROP0177,Excision,Reborn,2,Filth Monster,Cinematic,123.0,43.033482764141645,46.0611649391535,190,132,322,0.5900621118012422,126
DROP0216,Ray Volpe,HAPPY SONG,2,Technical Weapon,Filth Monster,165.0,42.42905387705635,44.26368641050108,188,134,322,0.5838509316770186,127
DROP0255,Peekaboo,Evil Lair,2,Technical Weapon,Pressure Engine,119.0,43.80361168559726,46.14803509630344,187,135,322,0.5807453416149069,128
DROP0064,LEVEL UP,The Other Side,2,Filth Monster,Technical Weapon,103.0,42.187099478452005,47.143888341356586,184,138,322,0.5714285714285714,129
DROP0415,YDG,Echo,2,Impact Cannon,Technical Weapon,148.0,46.3074528496479,45.01269362490574,183,139,322,0.5683229813664596,130
DROP0378,"Crankdat, Bandlez",Ground Shake,1,Technical Weapon,Pressure Engine,112.0,45.21016528963906,46.4666587290521,182,140,322,0.5652173913043478,131
DROP0086,"GRiZ, CloZee",Color Of Your Soul,3,Impact Cannon,Technical Weapon,195.0,42.36527822840946,43.53000100416703,182,140,322,0.5652173913043478,132
DROP0136,"Excision, Subtronics",A.F.B.1.,1,Filth Monster,Technical Weapon,190.0,40.40091814141267,43.73680867005031,181,141,322,0.562111801242236,133
DROP0357,"LEVEL UP, Vastive",Awaken,3,Impact Cannon,Technical Weapon,126.0,44.684373024803904,46.02074854404437,180,142,322,0.5590062111801242,134
DROP0291,"Space Laces, Eptic",Crash Out,2,Impact Cannon,Technical Weapon,155.0,42.41906871250887,44.63019592351059,180,142,322,0.5590062111801242,135
DROP0402,"SLANDER, Asking Alexandria, Crankdat",Kneel Before Me feat. Asking Alexandria,1,Filth Monster,Technical Weapon,160.0,42.99211141291627,44.409205732105015,180,142,322,0.5590062111801242,136
DROP0292,"Space Laces, Eptic",Crash Out,3,Impact Cannon,Technical Weapon,163.0,42.282928897448706,44.34582180744208,180,142,322,0.5590062111801242,137
DROP0169,"LEVEL UP, ALLEYCVT",BELIEVE,1,Impact Cannon,Filth Monster,141.0,44.95924978210441,45.31180807956682,178,144,322,0.5527950310559007,138
DROP0414,YDG,Echo,1,Impact Cannon,Technical Weapon,110.0,47.1965858280925,46.62001269234028,177,145,322,0.5496894409937888,139
DROP0034,Excision,Vault,1,Impact Cannon,Filth Monster,147.0,43.92462479841516,45.04371066679087,175,147,322,0.5434782608695652,140
DROP0100,Knife Party,Rage Valley,1,Technical Weapon,Impact Cannon,116.0,45.17518738154946,46.41886751423867,174,148,322,0.5403726708074534,141
DROP0267,"Black Tiger Sex Machine, Kai Wachi",Save Me,2,Impact Cannon,Technical Weapon,120.0,47.00432906663024,46.1351351978748,174,148,322,0.5403726708074534,142
DROP0042,Excision,The Paradox,3,Filth Monster,Technical Weapon,176.0,40.4783773825113,44.14735537736487,174,148,322,0.5403726708074534,143
DROP0011,"Subtronics, Wooli",Lock In,3,Impact Cannon,Technical Weapon,131.0,44.398743195080066,45.78783321468701,172,150,322,0.5341614906832298,144
DROP0302,Nero,Promises,1,Impact Cannon,Technical Weapon,182.0,41.98530176304152,43.91161277562212,172,150,322,0.5341614906832298,145
DROP0170,"LEVEL UP, ALLEYCVT",BELIEVE,2,Impact Cannon,Technical Weapon,142.0,44.79629025615276,45.20706612508755,171,151,322,0.531055900621118,146
DROP0054,GRiZ,supadupakulavibe,1,Impact Cannon,Technical Weapon,171.0,43.3334817587194,44.20178774993103,171,151,322,0.531055900621118,147
DROP0304,Nero,Promises,3,Impact Cannon,Technical Weapon,214.0,40.85827269874227,42.6564697070984,171,151,322,0.531055900621118,148
DROP0213,"Noisia, Skrillex, josh pan, Dylan Brady",Supersonic (My Existence),2,Technical Weapon,Impact Cannon,115.0,43.51120214307664,46.43261098717906,170,152,322,0.5279503105590062,149
DROP0380,"Crankdat, Bandlez",Ground Shake,3,Technical Weapon,Pressure Engine,122.0,44.74208823607042,46.079421251876575,170,152,322,0.5279503105590062,150
DROP0193,"Excision, Kai Wachi, Sullivan King",Bonebreaker,1,Impact Cannon,Filth Monster,144.0,44.96122019710709,45.11362121920325,170,152,322,0.5279503105590062,151
DROP0409,"Subtronics, NGHTMRE, Boogie T",Nuclear Bass Face feat. Boogie T,2,Technical Weapon,Filth Monster,96.0,45.08508468071847,47.35043403444302,169,153,322,0.5248447204968945,152
DROP0359,"LEVEL UP, Zingara",The Medium,2,Technical Weapon,Impact Cannon,90.0,46.64790360935167,47.64683541274355,166,156,322,0.515527950310559,153
DROP0317,BARELY ALIVE,don_t stop,1,Technical Weapon,Filth Monster,140.0,40.7392973780828,45.40955764392966,166,156,322,0.515527950310559,154
DROP0140,Kai Wachi,ILL,2,Impact Cannon,Technical Weapon,136.0,45.363721237785434,45.56592386054122,165,157,322,0.5124223602484472,155
DROP0303,Nero,Promises,2,Impact Cannon,Technical Weapon,169.0,42.17157958104814,44.2174409111514,165,157,322,0.5124223602484472,156
DROP0252,"NGHTMRE, Crankdat, Duke Deuce",TYPE SH_T,2,Impact Cannon,Technical Weapon,210.0,41.332594749128425,42.777639341964246,165,157,322,0.5124223602484472,157
DROP0044,Excision,Virus,2,Filth Monster,Technical Weapon,194.0,37.04471351829498,43.57258307083429,163,159,322,0.5062111801242236,158
DROP0316,MUST DIE!,CHAOS,4,Impact Cannon,Technical Weapon,178.0,43.71286485481702,44.12781888661597,161,161,322,0.5,159
DROP0185,Space Laces,Survive,1,Filth Monster,Technical Weapon,151.0,39.70130324641536,44.92730775061579,160,162,322,0.4968944099378882,160
DROP0328,Riot Ten,Bass Bop,3,Impact Cannon,Technical Weapon,201.0,42.86504996604044,43.313484707303274,160,162,322,0.4968944099378882,161
DROP0043,Excision,Vault,2,Impact Cannon,Filth Monster,172.0,42.837245489525685,44.19187229347501,159,163,322,0.4937888198757764,162
DROP0135,"GRiZ, Subtronics",Griztronics,4,Technical Weapon,Pressure Engine,97.0,41.40394493340556,47.30859582803037,158,164,322,0.4906832298136646,163
DROP0066,"Benny Benassi, Gary Go",Cinema feat. Gary Go (Skrillex Remix),1,Technical Weapon,Impact Cannon,208.0,38.84003156632487,42.82675221246184,158,164,322,0.4906832298136646,164
DROP0057,Space Laces,This Way,2,Impact Cannon,Technical Weapon,228.0,40.98524796429143,42.09402783784723,158,164,322,0.4906832298136646,165
DROP0176,Excision,Reborn,1,Filth Monster,Impact Cannon,168.0,41.77764932499515,44.23634147086047,157,165,322,0.48757763975155277,166
DROP0428,Ray Volpe,SEE YOU DROP,1,Technical Weapon,Filth Monster,181.0,41.13086150422696,43.92859665905697,157,165,322,0.48757763975155277,167
DROP0206,Knife Party,Centipede,1,Technical Weapon,Filth Monster,197.0,41.515090196559,43.47293240620522,157,165,322,0.48757763975155277,168
DROP0036,Space Laces,Dominate,1,Impact Cannon,Filth Monster,200.0,42.987184109042175,43.37479861617115,157,165,322,0.48757763975155277,169
DROP0265,Alison Wonderland,Again_ Fuck.,3,Impact Cannon,Technical Weapon,186.0,43.04215392147382,43.85407004360425,156,166,322,0.484472049689441,170
DROP0085,"GRiZ, CloZee",Color Of Your Soul,2,Filth Monster,Impact Cannon,191.0,41.46494659615009,43.673656310999846,155,167,322,0.4813664596273292,171
DROP0027,Subtronics,Nothing Between,2,Technical Weapon,Impact Cannon,145.0,42.43354650512008,45.09693306170164,154,168,322,0.4782608695652174,172
DROP0352,LEVEL UP,Scared Of The Dark,1,Impact Cannon,Technical Weapon,149.0,46.224084162315826,44.996271414505024,154,168,322,0.4782608695652174,173
DROP0194,"Excision, Kai Wachi, Sullivan King",Bonebreaker,2,Impact Cannon,Filth Monster,170.0,43.79843446908467,44.205855146445266,154,168,322,0.4782608695652174,174
DROP0399,Ray Volpe,CRASH OUT,1,Impact Cannon,Technical Weapon,198.0,41.51911825941905,43.45886892301599,154,168,322,0.4782608695652174,175
DROP0362,"NGHTMRE, JT Roach, Viperactive",Cyanide,2,Impact Cannon,Technical Weapon,203.0,42.36057991431322,43.184015812655545,151,171,322,0.468944099378882,176
DROP0026,Subtronics,Gangstas,4,Technical Weapon,Impact Cannon,138.0,44.830708023939465,45.46283088154112,150,172,322,0.4658385093167702,177
DROP0028,Subtronics,Scream Saver,2,Impact Cannon,Filth Monster,153.0,44.566550933137506,44.90984695017532,150,172,322,0.4658385093167702,178
DROP0358,"LEVEL UP, Zingara",The Medium,1,Technical Weapon,Impact Cannon,179.0,42.30275032186396,43.95276392709972,146,176,322,0.453416149068323,179
DROP0405,"Skrillex, Flowdan, Peekaboo",BADDERS,1,Technical Weapon,Impact Cannon,159.0,41.996995803433435,44.42783743795384,144,178,322,0.4472049689440994,180
DROP0112,Rezz,Edge,1,Technical Weapon,Impact Cannon,166.0,43.746812958469064,44.260785537358025,143,179,322,0.4440993788819876,181
DROP0401,Ray Volpe,CRASH OUT,3,Technical Weapon,Filth Monster,183.0,40.013333080193334,43.880461528523526,143,179,322,0.4440993788819876,182
DROP0266,"Black Tiger Sex Machine, Kai Wachi",Save Me,1,Impact Cannon,Technical Weapon,199.0,43.75421305107837,43.38973208185847,143,179,322,0.4440993788819876,183
DROP0264,Alison Wonderland,Again_ Fuck.,2,Technical Weapon,Impact Cannon,177.0,42.2858744927859,44.14429802784526,142,180,322,0.4409937888198758,184
DROP0218,Ray Volpe,Laserbeam,1,Technical Weapon,Filth Monster,184.0,40.44964908961456,43.864264320249134,142,180,322,0.4409937888198758,185
DROP0160,"Jem Cooke, Subtronics",By A Thread (feat. Jem Cooke),2,Filth Monster,Technical Weapon,89.0,47.49737542106166,47.66265339262964,140,182,322,0.43478260869565216,186
DROP0058,Space Laces,This Way,3,Impact Cannon,Technical Weapon,213.0,42.079573745473624,42.73094426116235,140,182,322,0.43478260869565216,187
DROP0372,Crankdat,Redo,1,Technical Weapon,Filth Monster,164.0,39.51545052673518,44.27825809483596,139,183,322,0.43167701863354035,188
DROP0308,Zeds Dead,Sweet Memories,1,Impact Cannon,Technical Weapon,220.0,44.09578063696045,42.47426260134373,138,184,322,0.42857142857142855,189
DROP0233,Virtual Riot,Sh_t_s On F_re,1,Impact Cannon,Technical Weapon,206.0,41.43070968666785,43.02949016204403,137,185,322,0.4254658385093168,190
DROP0249,"Liquid Stranger, Space Jesus",Spaceboss,2,Technical Weapon,Impact Cannon,230.0,41.99469660120534,41.99939505507352,137,185,322,0.4254658385093168,191
DROP0261,Virtual Riot,One Two,2,Technical Weapon,Impact Cannon,161.0,42.77855697641265,44.407103332446184,136,186,322,0.422360248447205,192
DROP0145,Kai Wachi,PRECIOUS,1,Filth Monster,Impact Cannon,187.0,42.22912276697676,43.833430415050046,136,186,322,0.422360248447205,193
DROP0224,Svdden Death,Behemoth,1,Technical Weapon,Impact Cannon,162.0,43.92238534187387,44.38428477946071,135,187,322,0.4192546583850932,194
DROP0373,Crankdat,Redo,2,Technical Weapon,Impact Cannon,173.0,39.81802976485739,44.1892001838287,135,187,322,0.4192546583850932,195
DROP0167,ALLEYCVT,STRANGERS,2,Filth Monster,Cinematic,175.0,38.649404070114485,44.159776217234345,135,187,322,0.4192546583850932,196
DROP0306,Nero,Promises (Skrillex & Nero Remix),2,Technical Weapon,Impact Cannon,189.0,39.86727172917128,43.78858625535692,135,187,322,0.4192546583850932,197
DROP0165,ALLEYCVT,SO DAMN GOOD,3,Filth Monster,Technical Weapon,235.0,38.048325527229,41.78855429680343,135,187,322,0.4192546583850932,198
DROP0278,"Ganja White Night, Mr. Bill, Wasiu",Ego Death,1,Impact Cannon,Technical Weapon,185.0,42.71900416173104,43.85608525477081,132,190,322,0.40993788819875776,199
DROP0365,Wooli,Resurrection,2,Technical Weapon,Filth Monster,188.0,41.66000631552557,43.7998844785181,132,190,322,0.40993788819875776,200
DROP0439,Zomboy,Doomsday,3,Technical Weapon,Impact Cannon,212.0,40.91981716364106,42.75755033121875,132,190,322,0.40993788819875776,201
DROP0130,Zomboy,Terror Squad,1,Technical Weapon,Impact Cannon,244.0,39.56672858363726,41.547328537125146,128,194,322,0.39751552795031053,202
DROP0419,"Black Tiger Sex Machine, Wasiu",Die A God,1,Technical Weapon,Vacuum Striker,124.0,43.034177015348504,46.05462417060015,126,196,322,0.391304347826087,203
DROP0179,"Excision, Wooli",Name Drop,1,Filth Monster,Technical Weapon,167.0,40.56133593019195,44.26000113417849,126,196,322,0.391304347826087,204
DROP0222,"Skrillex, Flowdan, Fred again..",Rumble,2,Technical Weapon,Impact Cannon,193.0,38.66544059660612,43.59927940072659,126,196,322,0.391304347826087,205
DROP0072,"Excision, Space Laces",Throwin_ Elbows,1,Technical Weapon,Impact Cannon,215.0,40.40570197511809,42.61629883495433,126,196,322,0.391304347826087,206
DROP0423,"Datsik, Virtual Riot",Nasty,2,Technical Weapon,Filth Monster,236.0,37.38898047619663,41.756107796456334,126,196,322,0.391304347826087,207
DROP0260,Virtual Riot,One Two,1,Technical Weapon,Impact Cannon,192.0,41.718985090711094,43.63635332406161,125,197,322,0.38819875776397517,208
DROP0200,"GRiZ, Wooli",Chaos Theory,1,Filth Monster,Technical Weapon,154.0,41.067744013718986,44.66350618778035,124,198,322,0.38509316770186336,209
DROP0408,"Subtronics, NGHTMRE, Boogie T",Nuclear Bass Face feat. Boogie T,1,Technical Weapon,Vacuum Striker,157.0,41.13727013584293,44.5534842112364,124,198,322,0.38509316770186336,210
DROP0345,"Excision, Wooli",Titans,3,Impact Cannon,Filth Monster,226.0,40.82028135664725,42.16939911490918,124,198,322,0.38509316770186336,211
DROP0296,"Cojaxx, LSDREAM",PEACE LOVE & WUBZ,1,Impact Cannon,Technical Weapon,246.0,39.54117270368288,41.443596079647754,124,198,322,0.38509316770186336,212
DROP0417,Zingara,The Crossroads,1,Technical Weapon,Impact Cannon,202.0,41.35637437304424,43.275962608592785,121,201,322,0.37577639751552794,213
DROP0051,GRiZ,Infinite,2,Impact Cannon,Technical Weapon,211.0,39.01921979505856,42.76631331136172,121,201,322,0.37577639751552794,214
DROP0364,Wooli,Resurrection,1,Technical Weapon,Filth Monster,218.0,39.401291222461886,42.500520823426,121,201,322,0.37577639751552794,215
DROP0131,Zomboy,Terror Squad,2,Technical Weapon,Impact Cannon,257.0,39.081416205744134,40.90380777908729,119,203,322,0.3695652173913043,216
DROP0287,Mary Droppinz,Drop In,1,Impact Cannon,Technical Weapon,259.0,39.26026281261195,40.84370638462876,119,203,322,0.3695652173913043,217
DROP0166,ALLEYCVT,STRANGERS,1,Filth Monster,Cinematic,204.0,38.189059326423255,43.11314906785231,118,204,322,0.36645962732919257,218
DROP0127,Svdden Death,Prelude I,1,Impact Cannon,Technical Weapon,248.0,38.85205642374551,41.386546709748266,116,206,322,0.36024844720496896,219
DROP0089,"GRiZ, Subtronics",Griztronics,3,Technical Weapon,Impact Cannon,132.0,40.224303588867905,45.7875971415675,115,207,322,0.35714285714285715,220
DROP0050,GRiZ,Funk You Up!,1,Technical Weapon,Impact Cannon,133.0,44.05012164722891,45.70095628756801,113,209,322,0.35093167701863354,221
DROP0376,Crankdat,STFU,2,Technical Weapon,Impact Cannon,219.0,39.85403226413695,42.49801837741583,113,209,322,0.35093167701863354,222
DROP0210,"Levity, Dem Jointz",Flip It,2,Technical Weapon,Impact Cannon,221.0,40.73430190821183,42.3716490172015,113,209,322,0.35093167701863354,223
DROP0104,Levity,Can_t Get Enough,3,Technical Weapon,Impact Cannon,225.0,41.31791990661468,42.20086127121354,111,211,322,0.3447204968944099,224
DROP0305,Nero,Promises (Skrillex & Nero Remix),1,Technical Weapon,Impact Cannon,224.0,37.73083676091787,42.22916528950284,110,212,322,0.3416149068322981,225
DROP0386,"Excision, Sullivan King",Bass To The Dome,3,Filth Monster,Technical Weapon,196.0,38.62570732906467,43.50258566307766,109,213,322,0.3385093167701863,226
DROP0270,Boogie T,Lotis Eater,2,Technical Weapon,Impact Cannon,207.0,41.43382699679556,42.95091871588304,108,214,322,0.33540372670807456,227
DROP0326,Riot Ten,Bass Bop,1,Impact Cannon,Technical Weapon,243.0,40.658354290729704,41.5936525350252,108,214,322,0.33540372670807456,228
DROP0219,Ray Volpe,Laserbeam,2,Technical Weapon,Filth Monster,252.0,37.28564873690943,41.14468982503027,108,214,322,0.33540372670807456,229
DROP0329,Skrillex,VOLTAGE,1,Impact Cannon,Technical Weapon,227.0,38.03419169538868,42.16793679635604,107,215,322,0.33229813664596275,230
DROP0101,Knife Party,Rage Valley,2,Technical Weapon,Impact Cannon,238.0,40.4261366761156,41.72076484255939,106,216,322,0.32919254658385094,231
DROP0039,Excision,Dimension,2,Filth Monster,Impact Cannon,262.0,39.22713506981874,40.729083996108315,105,217,322,0.32608695652173914,232
DROP0073,"Excision, Space Laces",Throwin_ Elbows,2,Technical Weapon,Filth Monster,174.0,41.82027892025232,44.187720018939075,103,219,322,0.3198757763975155,233
DROP0257,"Skrillex, Sirah",Bangarang (feat. Sirah) (feat. Sirah),1,Technical Weapon,Filth Monster,229.0,36.781292136944344,42.09197676500005,103,219,322,0.3198757763975155,234
DROP0353,LEVEL UP,Scared Of The Dark,2,Technical Weapon,Impact Cannon,222.0,38.22151344545781,42.298056232700375,102,220,322,0.3167701863354037,235
DROP0327,Riot Ten,Bass Bop,2,Impact Cannon,Technical Weapon,233.0,42.02915341481832,41.86195242375048,102,220,322,0.3167701863354037,236
DROP0436,Sullivan King,HEADLOCK,3,Impact Cannon,Technical Weapon,237.0,40.129012569872515,41.7265705393451,102,220,322,0.3167701863354037,237
DROP0146,Kai Wachi,PRECIOUS,2,Filth Monster,Technical Weapon,216.0,39.36142589673651,42.57615509023261,98,224,322,0.30434782608695654,238
DROP0263,Alison Wonderland,Again_ Fuck.,1,Technical Weapon,Impact Cannon,266.0,37.78271656470894,40.558982998305424,98,224,322,0.30434782608695654,239
DROP0298,"Cojaxx, LSDREAM",PEACE LOVE & WUBZ,3,Impact Cannon,Technical Weapon,253.0,38.75686586467984,41.11622334764971,97,225,322,0.30124223602484473,240
DROP0422,"Datsik, Virtual Riot",Nasty,1,Technical Weapon,Filth Monster,258.0,38.18137355231265,40.88103590010785,97,225,322,0.30124223602484473,241
DROP0107,"Marauda, Eptic",Wall Of Death,2,Technical Weapon,Filth Monster,261.0,34.1842929841457,40.79081128665407,97,225,322,0.30124223602484473,242
DROP0394,LYNY,Step 2 It,2,Technical Weapon,Impact Cannon,234.0,38.40292634919241,41.82951833775975,95,227,322,0.2950310559006211,243
DROP0282,LYNY,Section,2,Technical Weapon,Impact Cannon,217.0,40.802262476814285,42.51902208805663,94,228,322,0.2919254658385093,244
DROP0320,"Effin, LSDREAM",DIZZY SPELL,1,Technical Weapon,Impact Cannon,232.0,38.98890337555724,41.90899085792845,94,228,322,0.2919254658385093,245
DROP0005,Skrillex,First of the Year,2,Technical Weapon,Pressure Engine,260.0,36.979617000149595,40.80901593892247,94,228,322,0.2919254658385093,246
DROP0196,GRiZ,supadupakulavibe,2,Technical Weapon,Impact Cannon,263.0,38.76843808175102,40.70998528730741,94,228,322,0.2919254658385093,247
DROP0368,Wooli,The Core,2,Technical Weapon,Filth Monster,239.0,37.49548347361933,41.68918651076754,93,229,322,0.2888198757763975,248
DROP0234,Virtual Riot,Sh_t_s On F_re,2,Technical Weapon,Impact Cannon,242.0,38.58731203372875,41.61162479434195,92,230,322,0.2857142857142857,249
DROP0115,Skrillex,Scary Monsters and Nice Sprites,1,Technical Weapon,Impact Cannon,231.0,39.58648476410128,41.913271146365794,89,233,322,0.27639751552795033,250
DROP0038,Space Laces,This Way,1,Technical Weapon,Impact Cannon,245.0,39.13724048825575,41.48084080485397,87,235,322,0.2701863354037267,251
DROP0361,"NGHTMRE, JT Roach, Viperactive",Cyanide,1,Impact Cannon,Technical Weapon,294.0,37.905889838108806,38.58423585577247,87,235,322,0.2701863354037267,252
DROP0393,LYNY,Step 2 It,1,Technical Weapon,Impact Cannon,251.0,39.10234927891592,41.20665922042715,86,236,322,0.2670807453416149,253
DROP0164,ALLEYCVT,SO DAMN GOOD,2,Technical Weapon,Filth Monster,269.0,34.360435685487644,40.30681560085015,86,236,322,0.2670807453416149,254
DROP0341,Ahee,Bass Baddie,2,Technical Weapon,Impact Cannon,255.0,37.22239132126967,40.94897363552689,85,237,322,0.2639751552795031,255
DROP0153,GRiZ,Mystik Dub,2,Technical Weapon,Groove Driver,254.0,38.69353099584271,41.11081434915046,84,238,322,0.2608695652173913,256
DROP0347,LEVEL UP,Alive,2,Technical Weapon,Groove Driver,305.0,35.56311637842611,37.28927324579086,84,238,322,0.2608695652173913,257
DROP0098,Jessica Audiffred,Mess,3,Technical Weapon,Filth Monster,278.0,33.893423547631336,39.4425386669588,81,241,322,0.2515527950310559,258
DROP0281,LYNY,Section,1,Technical Weapon,Impact Cannon,240.0,39.76396937293152,41.683940290293975,79,243,322,0.2453416149068323,259
DROP0259,"Skrillex, Sirah",Bangarang (feat. Sirah) (feat. Sirah),3,Technical Weapon,Filth Monster,250.0,34.63158004387816,41.21338039819327,77,245,322,0.2391304347826087,260
DROP0088,"GRiZ, Subtronics",Griztronics,2,Technical Weapon,Filth Monster,209.0,35.79410052478279,42.777984207695155,76,246,322,0.2360248447204969,261
DROP0221,"Skrillex, Flowdan, Fred again..",Rumble,1,Technical Weapon,Impact Cannon,247.0,36.24074325522947,41.42724783048809,75,247,322,0.2329192546583851,262
DROP0061,Jessica Audiffred,Mess,1,Technical Weapon,Filth Monster,286.0,34.02098269988334,39.159994461997854,75,247,322,0.2329192546583851,263
DROP0307,Nero,Promises (Skrillex & Nero Remix),3,Technical Weapon,Filth Monster,267.0,35.43865792921189,40.52440782013369,74,248,322,0.22981366459627328,264
DROP0031,Excision,Dimension,1,Filth Monster,Technical Weapon,273.0,37.338787061641185,40.023357891817305,74,248,322,0.22981366459627328,265
DROP0209,"Levity, Dem Jointz",Flip It,1,Technical Weapon,Impact Cannon,292.0,37.03857027889848,38.78075072234157,74,248,322,0.22981366459627328,266
DROP0223,"Skrillex, Flowdan, Fred again..",Rumble,3,Technical Weapon,Impact Cannon,241.0,36.57440534195395,41.65524656402331,73,249,322,0.2267080745341615,267
DROP0069,Doctor P,Tetris,1,Technical Weapon,Pressure Engine,274.0,36.852278904547425,39.846825692969794,73,249,322,0.2267080745341615,268
DROP0367,Wooli,The Core,1,Technical Weapon,Filth Monster,249.0,37.6613734371752,41.242834099333415,72,250,322,0.2236024844720497,269
DROP0097,Jessica Audiffred,Mess,2,Technical Weapon,Filth Monster,296.0,33.16789270480195,38.52208767956539,70,252,322,0.21739130434782608,270
DROP0004,Skrillex,First of the Year,1,Technical Weapon,Pressure Engine,284.0,34.708068923556695,39.20752749521868,69,253,322,0.21428571428571427,271
DROP0340,Ahee,Bass Baddie,1,Technical Weapon,Impact Cannon,223.0,37.16115997722668,42.26966015932646,67,255,322,0.2080745341614907,272
DROP0190,DJ Fresh,Gold Dust (Flux Pavillion Remix),1,Technical Weapon,Pressure Engine,265.0,37.577705677659985,40.65077694889983,64,258,322,0.19875776397515527,273
DROP0321,"Effin, LSDREAM",DIZZY SPELL,2,Technical Weapon,Impact Cannon,277.0,37.78334405164039,39.569439241972034,64,258,322,0.19875776397515527,274
DROP0254,Peekaboo,Evil Lair,1,Technical Weapon,Impact Cannon,268.0,37.815416753168506,40.44694594437045,62,260,322,0.19254658385093168,275
DROP0071,Doctor P,Tetris,3,Technical Weapon,Pressure Engine,280.0,36.24392290864091,39.33945782335898,62,260,322,0.19254658385093168,276
DROP0390,"Ganja White Night, Boogie T.",Flava,1,Technical Weapon,Impact Cannon,301.0,33.95224445627919,37.714763955873735,60,262,322,0.18633540372670807,277
DROP0116,Skrillex,Scary Monsters and Nice Sprites,2,Technical Weapon,Impact Cannon,264.0,38.18201481352948,40.65475685131652,58,264,322,0.18012422360248448,278
DROP0258,"Skrillex, Sirah",Bangarang (feat. Sirah) (feat. Sirah),2,Technical Weapon,Filth Monster,283.0,32.39984467019269,39.21222424757637,57,265,322,0.17701863354037267,279
DROP0155,Jessica Audiffred,Goes Like,1,Technical Weapon,Impact Cannon,275.0,34.27906338542913,39.78828573234598,54,268,322,0.16770186335403728,280
DROP0420,"Black Tiger Sex Machine, Wasiu",Die A God,2,Technical Weapon,Filth Monster,299.0,35.21447682689945,38.238227321474014,54,268,322,0.16770186335403728,281
DROP0236,Zingara,Mind & Body,1,Technical Weapon,Impact Cannon,312.0,34.53876150030309,36.52167213198513,51,271,322,0.15838509316770186,282
DROP0344,"Excision, Wooli",Titans,2,Filth Monster,Technical Weapon,272.0,35.22126564475252,40.06954971848547,50,272,322,0.15527950310559005,283
DROP0001,GRiZ,Infinite,1,Impact Cannon,Technical Weapon,291.0,34.233566386511214,38.78294635355581,50,272,322,0.15527950310559005,284
DROP0106,"Marauda, Eptic",Wall Of Death,1,Technical Weapon,Filth Monster,289.0,33.27262525452478,38.9199835699082,48,274,322,0.14906832298136646,285
DROP0231,"Tape B, Wooli",Dopamine,2,Technical Weapon,Filth Monster,293.0,36.26619127210889,38.722873816191736,48,274,322,0.14906832298136646,286
DROP0269,Boogie T,Lotis Eater,1,Technical Weapon,Impact Cannon,270.0,38.44933469237549,40.14824472012113,47,275,322,0.14596273291925466,287
DROP0156,Jessica Audiffred,Goes Like,2,Technical Weapon,Filth Monster,279.0,33.943658774302726,39.38460937089786,47,275,322,0.14596273291925466,288
DROP0318,BARELY ALIVE,don_t stop,2,Technical Weapon,Filth Monster,290.0,31.96300237516057,38.81504781071774,47,275,322,0.14596273291925466,289
DROP0175,GRiZ,Vibe Check,3,Technical Weapon,Impact Cannon,285.0,35.416840578218775,39.176158956605526,46,276,322,0.14285714285714285,290
DROP0174,GRiZ,Vibe Check,2,Technical Weapon,Impact Cannon,287.0,35.636322158023276,39.06294814421362,46,276,322,0.14285714285714285,291
DROP0163,ALLEYCVT,SO DAMN GOOD,1,Technical Weapon,Filth Monster,288.0,34.256207139063825,39.00889719262082,43,279,322,0.13354037267080746,292
DROP0040,Excision,Exterminate,2,Filth Monster,Technical Weapon,306.0,34.038711618406126,37.254322172000805,42,280,322,0.13043478260869565,293
DROP0172,"Levity, ALLEYCVT",ONE FOR YOU,1,Technical Weapon,Impact Cannon,315.0,34.0773213187213,36.460189373319125,42,280,322,0.13043478260869565,294
DROP0192,DJ Fresh,Gold Dust (Flux Pavillion Remix),3,Technical Weapon,Pressure Engine,271.0,37.14395293819538,40.10923004932017,40,282,322,0.12422360248447205,295
DROP0081,Flux Pavilion,I Cant Stop,1,Technical Weapon,Impact Cannon,282.0,36.47335590668628,39.277032742088565,40,282,322,0.12422360248447205,296
DROP0053,GRiZ,Vibe Check,1,Technical Weapon,Impact Cannon,300.0,34.57413216523073,38.19928499194731,38,284,322,0.11801242236024845,297
DROP0418,Zingara,The Crossroads,2,Technical Weapon,Impact Cannon,307.0,32.32380683162209,37.06481457753497,38,284,322,0.11801242236024845,298
DROP0109,Rezz,Blue People,1,Technical Weapon,Impact Cannon,308.0,33.30737905647241,37.02919268994734,35,287,322,0.10869565217391304,299
DROP0388,"GRiZ, Boogie T",Supa Fly,2,Technical Weapon,Impact Cannon,281.0,36.13818506381038,39.290337834432535,33,289,322,0.10248447204968944,300
DROP0041,Excision,The Paradox,2,Technical Weapon,Impact Cannon,302.0,34.018006326319494,37.64092384785867,33,289,322,0.10248447204968944,301
DROP0110,Rezz,Blue People,2,Technical Weapon,Impact Cannon,304.0,32.433134533133504,37.311749723473355,33,289,322,0.10248447204968944,302
DROP0191,DJ Fresh,Gold Dust (Flux Pavillion Remix),2,Technical Weapon,Filth Monster,256.0,35.96199009824531,40.92419330826725,32,290,322,0.09937888198757763,303
DROP0199,"GRiZ, Levity",Pop Off (Extended Mix),3,Technical Weapon,Filth Monster,318.0,28.817974509906215,36.17346454944121,32,290,322,0.09937888198757763,304
DROP0391,"Ganja White Night, Boogie T.",Flava,2,Technical Weapon,Filth Monster,319.0,30.320162552850483,36.12794134645634,32,290,322,0.09937888198757763,305
DROP0198,"GRiZ, Levity",Pop Off (Extended Mix),2,Technical Weapon,Filth Monster,317.0,30.1852624752978,36.41505408355077,31,291,322,0.09627329192546584,306
DROP0387,"GRiZ, Boogie T",Supa Fly,1,Technical Weapon,Impact Cannon,297.0,35.868877553647806,38.41192706282213,30,292,322,0.09316770186335403,307
DROP0248,"Liquid Stranger, Space Jesus",Spaceboss,1,Technical Weapon,Pressure Engine,303.0,32.4691147904017,37.48242910081515,30,292,322,0.09316770186335403,308
DROP0070,Doctor P,Tetris,2,Technical Weapon,Pressure Engine,320.0,31.5077047759385,35.19146102301056,30,292,322,0.09316770186335403,309
DROP0309,Zeds Dead,Sweet Memories,2,Technical Weapon,Impact Cannon,298.0,38.93404376472293,38.39719435416232,27,295,322,0.08385093167701864,310
DROP0012,Subtronics,Nothing Between,1,Technical Weapon,Impact Cannon,310.0,31.144907897165176,36.69655214862601,26,296,322,0.08074534161490683,311
DROP0297,"Cojaxx, LSDREAM",PEACE LOVE & WUBZ,2,Technical Weapon,Impact Cannon,309.0,34.29573927555924,36.748284116216055,24,298,322,0.07453416149068323,312
DROP0173,"Levity, ALLEYCVT",ONE FOR YOU,2,Technical Weapon,Impact Cannon,311.0,29.29109823118505,36.68925147873517,23,299,322,0.07142857142857142,313
DROP0197,"GRiZ, Levity",Pop Off (Extended Mix),1,Technical Weapon,Filth Monster,314.0,28.756347082999195,36.477211738576806,20,302,322,0.062111801242236024,314
DROP0314,"Zeds Dead, Memorecks",Collapse,1,Technical Weapon,Filth Monster,316.0,31.430802297790382,36.44497956884871,19,303,322,0.059006211180124224,315
DROP0067,"Benny Benassi, Gary Go",Cinema feat. Gary Go (Skrillex Remix),2,Technical Weapon,Filth Monster,324.0,24.15962860957958,33.775858236833244,16,306,322,0.049689440993788817,316
DROP0284,Levity,Postman (Extended Mix),1,Technical Weapon,Cinematic,327.0,25.153260360728503,32.75646448079818,13,309,322,0.040372670807453416,317
DROP0315,"Zeds Dead, Memorecks",Collapse,2,Technical Weapon,Filth Monster,313.0,28.948250025014836,36.48084281786205,11,311,322,0.034161490683229816,318
DROP0246,Darude,Sandstorm (Original Version),1,Technical Weapon,Groove Driver,321.0,25.63736295955512,34.809590050578436,10,312,322,0.031055900621118012,319
DROP0154,GRiZ,Mystik Dub,3,Technical Weapon,Groove Driver,322.0,28.736513915435076,34.30254991085715,8,314,322,0.024844720496894408,320
DROP0052,GRiZ,Mystik Dub,1,Technical Weapon,Groove Driver,323.0,28.61620953347745,33.90901673155972,8,314,322,0.024844720496894408,321
DROP0285,Levity,Postman (Extended Mix),2,Technical Weapon,Groove Driver,325.0,26.01175198438834,33.72980084458832,8,314,322,0.024844720496894408,322
DROP0032,Excision,Exterminate,1,Filth Monster,Technical Weapon,326.0,30.138937799308195,33.134782944891114,8,314,322,0.024844720496894408,323
